name,source_rank
Sato,1
Suzuki,2
Tanaka,3
Watanabe,4
Takahashi,5
Ito,6
Yamamoto,7
Nakamura,8
Kobayashi,9
Saito,10
Kato,11
Yoshida,12
Yamada,13
Sasaki,14
Matsumoto,15
Yamaguchi,16
Inoue,17
Kimura,18
Shimizu,19
Hayashi,20
Abe,21
Ono,22
Mori,23
Nakajima,24
Hashimoto,25
Ikeda,26
Yamazaki,27
Ishikawa,28
Yamashita,29
Ogawa,30
Ishii,31
Sakamoto,32
Goto,33
Maeda,34
Okada,35
Hasegawa,36
Fujita,37
Kondo,38
Sakai,39
Murakami,40
Ota,41
Kikuchi,42
Ueda,43
Arai,44
Endo,45
Aoki,46
Takeuchi,47
Nakano,48
Fujii,49
Fukuda,50
Kaneko,51
Nishimura,52
Okamoto,53
Nakagawa,54
Fujiwara,55
Miura,56
Harada,57
Matsuda,58
Kojima,59
Morita,60
Tamura,61
Nakayama,62
Ishida,63
Wada,64
Shibata,65
Masuda,66
Hara,67
Ando,68
Uchida,69
Shimada,70
Yokoyama,71
Miyamoto,72
Honda,73
Koyama,74
Takagi,75
Miyazaki,76
Taniguchi,77
Ueno,78
Imai,79
Maruyama,80
Kudo,81
Sugiyama,82
Fujimoto,83
Kawamura,84
Kono,85
Murata,86
Kubota,87
Hirano,88
Otsuka,89
Noguchi,90
Takeda,91
Matsui,92
Sakurai,93
Chiba,94
Ida,95
Kubo,96
Sugawara,97
Kinoshita,98
Takada,99
Nomura,100
